Date,RAR_Energy,RAR_Metals,RAR_Auto,RAR_Technology,RAR_Chevron,RAR_Halliburton,RAR_Alcoa,RAR_Nucor,RAR_USSteel,RAR_Ford,RAR_Tesla,RAR_Google,RAR_Microsoft
2019-05-10,6.5961545570058915,-0.382100259291267,16.980423096067693,20.144324542716525,7.838687140506143,-9.476220040520879,-6.9431669207317,6.42141943672513,-17.767082658022694,29.022405063291146,-25.13538238802106,8.952849356982366,23.35190786030733
2019-05-13,6.077872310603407,-0.5278551837630419,16.595338809034903,21.905609130918425,8.573040434742577,-11.501168785151826,-8.83865472560975,4.248187263317492,-22.706320346320346,27.202982005141386,-26.78069516580104,9.053695816906558,24.28270581842493
2019-05-14,3.459818903497883,-3.7857422081352388,14.098548786527978,18.566912229335955,7.393579678758356,-12.890760028149195,-14.120176429075507,0.13789141713202824,-28.08288102261554,24.362673267326734,-29.245256175442353,2.2745797648289487,19.99829490827037
2019-05-15,2.550591352362299,-4.029390347163423,11.923854856180043,18.67323611276973,6.3909948547836315,-13.617494795281056,-14.408592540464461,0.30434117238267255,-28.766971816284997,22.559843184559718,-33.16292824885167,6.558637256755954,21.066385919584295
2019-05-16,2.07693885662552,-6.39128898128898,10.763225537985969,18.782698138116263,5.669096575443229,-13.779869473634603,-13.985221238938053,-2.9166920197861863,-30.62256385446552,21.84328554360814,-34.32292780806728,7.132130477982132,23.008277468338196
2019-05-17,-0.5377945047534096,-8.909057414798895,7.150953932061434,16.330664076552267,4.0006358188567805,-18.466666666666665,-18.207560137457047,-7.103142156764745,-32.390403071017275,15.604587155963282,-40.06283306244153,5.755137135274886,20.42536749281771
2019-05-20,-0.7797224450853273,-10.03559955325413,8.11295774647887,13.740744447527923,4.133882058542499,-21.136076489923017,-19.59877156659766,-9.230775115922278,-34.442887089090036,16.189780853517874,-42.85018177537968,4.021767798749311,19.453980151235136
2019-05-21,0.9585703063629252,-9.259109762266057,3.632587098224313,15.294110064274392,5.439437463840075,-19.02495385521323,-15.72500572136623,-7.522251281145085,-31.562512871553565,13.719773242630385,-43.32338620999559,6.363930443081553,21.063578109623204
2019-05-22,-0.504628030518327,-7.12449193379425,-1.5142604074401997,15.689042892944064,5.521588722506365,-20.93803363391394,-18.20410156984712,-8.407815713040023,-33.95619596541787,8.501001112347057,-44.765428265033314,7.816423815362949,22.705334881763797
2019-05-23,-3.984568439407157,-6.790140696075326,-2.0206203972327725,11.9543613151701,2.7284336836844356,-24.937067545304775,-21.984775086505188,-10.435078596365804,-34.54462941334178,9.025339366515835,-45.6424571030398,3.5063345274598565,17.759982474812265
2019-05-24,-3.663562540929927,-8.151422650502546,0.21014148790506137,11.977512029941177,4.181936147900605,-26.72124425753477,-22.980414078674944,-12.42044153403274,-36.31116499908701,16.19659831121835,-47.29258344169918,2.4767490309629325,17.415029031932878
2019-05-28,-5.686183146698944,-9.840323372902168,-1.7613435527502186,10.852979552093466,3.30166761050078,-27.968705501618125,-26.161824940858402,-14.025704480231909,-39.88177839358051,14.615645933014353,-48.03813274890441,1.6900074146253372,16.514282353440947
2019-05-29,-8.103006807626235,-11.897195060736873,-3.747963579835665,8.530743696416279,-0.261552909813243,-31.01116279069767,-25.626146224803552,-15.930580623190863,-42.59255813953489,10.81016317016318,-39.54653084783744,-0.7028258642880858,13.636660625723348
2019-05-30,-7.142008023419708,-11.70726353060192,-2.3575205125323184,11.181624376298455,0.32607184283681434,-31.458694817658344,-24.63817411931587,-16.97272418383494,-43.87497165812306,12.20823529411765,-39.41331679211746,2.0505532931556054,16.592372255866756
2019-05-31,-7.713309677136724,-10.947088915956146,-4.173619254020763,8.922051282051275,-0.15154410442180177,-33.793166873854005,-27.48366873228512,-18.5611158554664,-45.06479605936966,11.788681055155873,-37.97667763801458,0.24884740184274623,13.542915527156936
2019-06-03,-6.947008666115055,-4.215229982964226,-4.971006711409401,6.000557857574616,-0.1351740319764949,-33.11141079113779,-25.38866677641869,-14.787030287797268,-41.866110069826654,9.424186046511625,-40.9258814448904,-5.827773535710961,10.523690569972429
2019-06-04,-6.56432159073791,-5.266025139089226,-2.4387925356750704,7.9195765258540245,1.263605338247619,-33.928783899612704,-26.909266023432114,-16.023298233504242,-40.92594910286272,9.623882618510164,-37.163595487234346,-5.817575413156854,12.580226087901945
2019-06-05,-6.642667971298104,-2.7511136989201774,-1.7259133814547494,10.995387141693609,2.515445393339486,-34.518571886007045,-25.994013581129387,-15.891367521367517,-42.07520219738379,10.563025404157035,-36.03961445324223,-4.973547301003769,17.376859159747635
2019-06-06,-5.298298942257671,-3.5929246554046976,-2.913538546866344,13.395725913474305,5.54379579873388,-32.515870340356564,-27.34391304347826,-18.518349972586897,-40.380320882699245,8.9313698630137,-33.133801338603476,-3.9049494271256133,21.799416666613222
2019-06-07,-6.1775680763224905,-5.026834023638747,-3.3585764499121327,12.157998900825245,5.1249127069301315,-33.8555907507127,-29.91308550185874,-18.114116672190917,-41.25388563833869,9.685109070034429,-36.13947511465694,-4.483751347285759,21.149456388027524
2019-06-10,-6.527286166394088,-6.710411257556238,-2.6336127831892306,13.426306269128915,4.303758278870333,-32.97224711057885,-29.651105121293806,-19.17907685110787,-41.135512920341036,9.230909090909085,-33.0224975571624,-5.583841500150631,24.615012927319736
2019-06-11,-8.125488069414317,-6.322520908004774,-1.1814408554734843,12.76109212100495,0.01545993835956061,-33.60778117240913,-26.580769230769228,-18.192547169811323,-38.87450378745446,11.411467889908247,-32.81346836088539,-5.233631884173108,26.17695785684917
2019-06-12,-9.657719152125932,-7.52383107975701,-2.480120030833618,10.274142211904817,-1.9941823889123442,-37.03666666666667,-29.59585080783774,-20.035052098713432,-41.717154830172035,10.848390804597706,-35.49026324139894,-7.293195708389762,21.98219168436148
2019-06-13,-8.656248830682884,-5.971298829085896,-1.7689071038251398,9.530454374921838,-1.1731461632956235,-35.3111743944636,-27.378603371173032,-17.42376645399533,-40.568354265915985,12.601428571428578,-35.80394482240202,-7.363064511906739,21.039816979949485
2019-06-14,-8.63139053564321,-5.556541316180108,-3.3684805730410265,8.33570133488585,-0.7465132497437814,-35.62007908991816,-26.257913271030233,-16.830619034755443,-42.89654294346138,12.079541284403668,-34.61891563037093,-5.049266112294937,22.547474534730487
2019-06-17,-5.721811819096331,-4.429588082383526,1.3925323870677064,10.139282387092422,0.302753040528982,-30.33721639344262,-23.03691386343299,-16.84590158409168,-40.51798404962339,18.568628158844763,-29.191896730389466,-2.9352100997495265,23.829306341768017
2019-06-18,-3.7102000689892978,-2.6105995588530075,2.132290941744299,11.504200361086632,2.170091774960179,-27.565191071205682,-20.861009041591313,-14.416109996656637,-35.956312821124705,18.001406436233598,-28.88752082231002,-1.6001303753266591,25.527643189318482
2019-06-19,-4.4001287636543225,-0.8503924330851214,2.2605876393110447,11.97484255605003,2.6790954701777436,-30.181462656242953,-22.314190915773725,-11.832390336147236,-35.18688524590164,18.128211284513796,-30.0211532594384,-1.7315111277522632,26.52161710213776
2019-06-20,-3.387444484506564,0.3902770277027807,1.4794149705260802,12.072461623851598,2.3032866856192227,-28.190638780804147,-23.1194366197183,-14.997734244308727,-38.59218484051666,16.29612293144206,-31.946082382958895,-3.267311041185134,25.74236718235912
2019-06-21,-3.8557537114977913,-1.5943222003929252,1.475864527629232,11.37891322871254,2.0927297817178343,-29.651146496815286,-24.593095428677977,-14.324695510204082,-37.90648351648352,16.3971581450654,-30.39726475670133,-2.23644514795109,25.847059792848235
2019-06-24,-4.90770227890446,0.935412186379927,1.2216949152542256,11.42165084401259,3.3325929007246824,-31.145822784810125,-23.585680099089355,-12.408458061275741,-38.583090507726276,15.791021377672205,-28.758510491136562,-2.928287820838571,26.50680675609342
2019-06-25,-7.222659861285471,0.22023818975783094,0.812664604507292,8.454030134605617,1.2144709441888755,-31.736357927786504,-22.61346657233817,-11.13630084033614,-37.240383944153585,12.842482435597198,-31.001538076873086,-4.8313950065351765,20.915131922979747
2019-06-26,-6.070989123743081,-2.2951124940162853,-0.06701269118125985,9.617277347015722,1.4622672679954398,-29.223879280319263,-20.13421190089372,-10.374601902898684,-36.1920263229689,9.821030577576444,-30.668732246698674,-5.875167653676742,21.40436209326729
2019-06-27,-7.232645388042007,-4.943720190779026,0.314883571198628,9.893638113965013,-0.04715495217123067,-32.00669155755059,-23.296036251709975,-13.639427456083276,-39.44166666666666,11.693959731543623,-28.748497729475293,-5.792889269040924,22.798312175486465
2019-06-28,-4.585508810526978,-3.070950670950665,2.2359777995429373,9.998047757869553,2.048550482193645,-29.933458493736733,-23.258688302907366,-12.160895680299777,-38.92570744089106,15.051205510906998,-25.670267885696333,-3.864027301822786,20.03853587648166
2019-07-01,-4.824099832440375,-4.624159456693642,1.738613518197587,8.560433432777904,2.154868955229655,-29.13413473818646,-26.440493868080875,-11.431083657804932,-39.131991701244814,14.122721010332942,-25.327441262893025,-3.5285496524843083,19.857272035079102
2019-07-02,-6.672989899407178,-4.533987707208043,1.2010798577432902,8.00405811792532,0.34709322603846626,-31.081417322834646,-26.721500185136442,-12.703111133796146,-41.10003597827753,13.105114155251135,-27.261847818146784,-2.253245000302061,19.974485971663633
2019-07-03,-6.3872408293460925,-3.0427828717270127,0.876047261009679,7.805949656750563,0.4430848283627613,-29.984022587697442,-28.818149108589953,-11.849721430564673,-41.353974895397485,12.464864864864845,-23.53744182753252,-1.8215938948822101,19.93891578552053
2019-07-05,-6.074816878159497,-2.0275783040488915,1.3776578521316782,10.379604073398328,0.481411510969171,-28.703996800000006,-27.73893156875403,-11.578983278194311,-40.26857624262847,13.773120728929387,-28.33887488473821,-1.0075964837562228,19.789534139066312
2019-07-08,-5.033662541150974,-1.2646204175887688,2.2359777995429373,9.911426106448001,0.9617627803685824,-26.6424267109017,-26.806783050847457,-12.33891530460624,-41.7574297188755,13.905587229190418,-30.391745779538354,-2.718767423343361,19.85297529459053
2019-07-09,-6.677322214263786,-0.7657130426375398,1.9394270833333436,9.481707418616192,-1.3082995895951819,-26.18566763659877,-27.474291975724878,-12.080242002488683,-40.82049051257805,12.968361774744045,-24.34800305159616,-3.806312149975026,18.875447625215045
2019-07-10,-5.551083244832937,-1.4397790585974977,2.305748203005895,10.800625728408946,0.30863652017762355,-26.231820529373785,-24.87227366255144,-13.387814658268354,-41.84345323741006,12.345959137343913,-18.684179983179142,-3.0477435204346395,20.385299789857484
2019-07-11,-5.069236647477007,-1.3718379313659539,2.214591947769314,11.513662891459434,-0.6742558336908417,-23.67114489068521,-25.355208118314792,-12.795955116547212,-39.441963470319635,13.781562143671607,-16.129537116536284,-3.94352664675565,21.49331040026796
2019-07-12,-3.4455275172242072,1.1089748644652468,6.364651008198539,13.05167812216314,-0.4266728569308964,-20.059098474341194,-22.409999999999997,-9.920484241056691,-33.65392614188532,19.85107226107226,-13.690044526498694,-3.529311449767284,21.885296644295295
2019-07-15,-3.790019410180946,2.0360453550825475,7.8777465422242035,14.483998691099464,0.6998843185191923,-18.404300035803793,-17.714330580616565,-8.80569077802715,-29.35,20.477358490566033,-10.748094803646111,-1.7842438662775422,23.426610434157165
2019-07-16,-2.967719735189562,2.3633654231849226,8.732438254200964,13.440714759142129,0.17181131602175892,-19.119137848894713,-15.459962714392244,-6.268799033417558,-23.812597402597397,22.41185273159145,-13.587591835405243,-1.4242867320140247,21.633072589936255
2019-07-17,-5.596649615295917,1.0895538812332712,5.562943002883119,10.650436656041277,-1.9893593371778142,-24.31748733981669,-18.28936046511628,-9.650969861947269,-27.74733133433284,17.566771196283398,-14.805159968459353,-4.911355803951688,18.36461808429287
2019-07-18,-5.605035535336173,2.130497670268661,5.185919272565972,11.561071136811423,-1.7804616727931886,-25.22950872196511,-20.0963601376104,-9.809258256023394,-30.519696376101866,17.30995332555425,-12.933720522943952,-6.338089171974517,17.656884701631277
2019-07-19,-6.71994391290003,1.2526131727219787,5.570208981769678,9.58651546685448,-2.1032140804237462,-26.084210526315786,-22.655345065562457,-7.089077310924363,-28.382321906565718,17.177960140679954,-13.051993355481725,-7.697822880702573,16.918772925764184
2019-07-22,-6.3506223724342625,4.19711872826627,7.03716094032549,10.725473843821081,-1.8301765558615868,-19.013976698769827,-20.004873345459778,-6.735260115606932,-24.64469553869081,16.74387633769322,-14.222318391807162,-6.404892244106115,18.404605840111905
2019-07-23,-6.01356323735665,4.74998005584364,9.152346570397105,9.986473580724695,-1.9930077343070423,-17.16581747464489,-19.96465158045977,-5.731619739135818,-22.949338758901327,18.240569395017797,-7.940425879533805,-5.629318001452133,17.770812003422915
2019-07-24,-6.9386909290640215,4.1381899109792375,9.532687942465445,10.500190928376613,-1.8656879442887178,-19.98611993085833,-20.12743078692146,-6.345182481751818,-22.4001101561339,18.146756126021,-4.100636758321234,-6.312283891674397,17.300398060729783
2019-07-25,-7.792025910435581,0.8783725509500875,4.819451673896118,9.363236651285428,-2.1306273924060304,-23.052518796992484,-22.57072955413243,-7.107303634096942,-25.93352352352353,7.475057471264384,-16.86021524750839,-7.976170820933887,16.74852071128736
2019-07-26,-9.103383551394312,-0.5879239737435049,8.165404971932631,10.28783109106461,-3.197930054087264,-25.908368770764127,-22.07961029317088,-5.842187328557622,-25.625261718641973,10.035934195064636,-19.07204495614034,-0.2598196740175336,17.848890068130288
2019-07-29,-10.061748071979434,-1.2477148948541537,6.611591320072334,7.504126646833818,-3.7250881829406635,-28.595115640309068,-23.817279836790213,-7.6833151989119415,-27.2083214176513,8.041806674338321,-16.38883512152398,-1.7909610731279528,14.879929984113048
2019-07-30,-6.5163399744256125,1.6478265204386915,8.458308474968211,9.37998577834423,-1.3944828656912136,-21.658169161155588,-20.475433212466807,-3.7257894736842108,-20.115605028810894,9.416697892271683,-10.828696058571525,-0.7808038699028212,17.496025119879754
2019-07-31,-7.021925829672248,-2.6966179086776108,7.9344303651653085,8.177051168016465,-2.230976481576834,-20.96524079320113,-22.14590292648109,-6.805217925541176,-23.71890052356022,9.575898942420677,-9.632958788765887,-0.4250914328552706,13.406759618672119
2019-08-01,-10.524427456083274,-4.853060151839586,4.925074372658122,6.975329215871886,-5.141007074784674,-26.32991302844795,-24.959022420151697,-9.224186983038058,-26.863690138069213,3.8685388127853964,-15.077591116719912,-0.351110194680321,14.679299734058194
2019-08-02,-11.100252052662825,-6.795073095168952,5.2388659793814405,5.746341649893113,-4.067659404856595,-28.8605856607348,-28.18720888570405,-11.090940996841232,-33.094960835509134,5.266612529002323,-17.1227467125452,-0.6023067260182022,14.849014744515227
2019-08-05,-14.125986413985839,-7.465730892182505,2.1289840659961685,0.9691632921132722,-5.859108359919732,-32.80138299344354,-30.39000357270454,-14.302941893837936,-37.15811840960364,2.865153933865461,-20.43326577321683,-3.76383554844287,10.687653296844275
2019-08-06,-14.016155889263452,-7.240678941311847,3.2720365771054456,1.6456587333353743,-5.434918817989937,-34.261257061817645,-31.717901278409094,-14.363707352654915,-37.85538737814264,5.622665148063794,-19.898060057672772,-2.6363693263268972,11.852136438830978
2019-08-07,-15.896346192606927,-6.80779937422964,1.7332242370632454,0.8308698952482128,-7.054246763658614,-37.184244684945085,-35.91699706507119,-16.548479553985594,-41.43707196029777,3.7447216035634625,-21.662111154261854,-4.091274834021251,11.28157150886166
2019-08-08,-12.756473429951694,-6.498006059458436,2.720909090909096,2.9864806756521514,-3.7307596253902267,-35.80353595746372,-31.872451664244867,-14.674595316705481,-38.49644254892122,3.7343285238623833,-19.01334219404443,-2.0109799451564223,14.15822943991559
2019-08-09,-13.041117988236023,-8.927052690898838,0.0010444516900212086,0.7945030358978848,-3.5765372603643306,-37.171156030738395,-35.432877900213384,-18.10475847755832,-42.260262481523824,1.1149288061336087,-21.854721908090887,-3.8751731211826113,12.397034968850273
2019-08-12,-15.06602771738026,-12.486153846153849,-3.1630298475413348,-0.05388252321794651,-4.994166604066508,-38.58329388560158,-39.160230905762006,-21.072042525831268,-43.84363701986782,-1.8488744588744705,-16.868300161231236,-5.706049382716047,11.375073611217534
2019-08-13,-15.638076730942155,-11.650808926080886,-3.3411595596879198,2.028939814745304,-5.577786002021614,-39.49041773007484,-37.71994366598794,-19.723994353830854,-41.351693548387104,-2.2818918918918945,-16.92302272088624,-3.2084550658478292,13.215978109983972
2019-08-14,-19.606088685623384,-14.127930082796684,-7.650442930153325,-1.6159621120937926,-9.43715345753079,-43.79898557305896,-43.377977073499665,-22.204732142857143,-43.8187031408308,-5.60580645161291,-21.99200621544667,-5.665321915116257,9.33516384557658
2019-08-15,-18.948703517183034,-12.967826086956524,-8.472933276028787,-1.2652684422533658,-9.212443788095882,-43.13598314722438,-44.225670103092774,-21.285705302515296,-40.97438942037141,-6.17021715526603,-23.18083622401874,-4.874907120566412,9.702429678675628
2019-08-16,-18.323511664760993,-11.85902952792928,-8.233606714118762,-0.09492537313433669,-10.09376217569149,-41.58747296367678,-42.27708404802745,-18.643098059419533,-36.98869565217392,-6.345702036441578,-22.70890786399194,-4.422990881646672,10.88233691218343
2019-08-19,-16.551412529076764,-10.834976303317536,-7.745647158429457,1.6257085643409095,-9.269435778862388,-40.42487378061303,-38.39263601263601,-15.835866601555981,-27.90427048985798,-6.213865814696498,-17.874376061873654,-2.8921914049607578,12.645348374879934
2019-08-20,-17.54412329863892,-12.177989165966181,-9.563571054011526,0.3555810985292589,-5.421066248646186,-41.553744015320774,-37.6674890322556,-18.63530549632208,-28.85356033452807,-7.57518518518517,-18.01943465182797,-5.278653092880967,11.094909801196613
2019-08-21,-16.406894274901365,-11.854671669793618,-8.305847681419667,1.6159320624740308,-4.261140351932248,-42.93609010686832,-35.79745133381398,-17.423182554639638,-29.90842175514194,-5.488252947481254,-19.479633660567007,-4.8245172385554,12.275092573603633
2019-08-22,-17.3657982957955,-12.856898763595794,-8.473454009682165,0.8423510899997702,-5.218982468250936,-43.687763008731935,-37.264561143021695,-18.33671734873382,-31.97427207637232,-5.798803418803422,-21.11354265070552,-5.444056832838523,11.704625670728468
2019-08-23,-20.173427759204017,-12.901549611895641,-12.41707205331113,-3.155315490661247,-6.622141953075792,-46.29630262741376,-39.33083466597528,-21.441722413793105,-35.28315726290516,-10.074210526315794,-24.44877546406508,-9.269178755371843,7.15258215182512
2019-08-26,-19.345929801964264,-10.56327731092437,-12.45072862761334,-2.035294643249503,-5.807346041737475,-46.15412925744071,-37.96639909977494,-19.935213913043476,-34.58680876979293,-10.013979057591627,-23.690354631492998,-7.8279146136202815,7.421678452013979
2019-08-27,-21.54279640293445,-8.050743761530244,-11.949827712995058,-2.416306559102079,-7.369491304684315,-46.712936635574145,-42.93726156884369,-20.589366444366448,-38.20626717465753,-10.179473684210528,-20.913308031334278,-8.876023726241568,7.290028124110725
2019-08-28,-20.447943855222174,-7.1517455391776625,-10.432254686354595,-3.4470334053515046,-6.653397088675563,-44.61508828250401,-42.77855098567994,-21.71081575078157,-36.14613003095975,-7.663157894736841,-20.706168496109765,-9.796310032876358,5.667598723412009
2019-08-29,-17.68454297133905,-6.9226603901776205,-9.137694886839897,-1.7201055065760964,-3.032544814360372,-40.848982449054056,-39.0898635597488,-18.69658264746228,-33.57012422360249,-7.0921943573667825,-16.67515508496608,-7.417861545029641,8.097155259784723
2019-08-30,-17.36690835850957,-2.694337862502537,-6.9336952116881685,-1.6956426599603964,-2.532672601311749,-37.903611756454886,-36.24204596598872,-17.04899252024417,-31.78051020408163,-4.826808510638303,-11.272298814919498,-8.343832269360366,4.3641017457577425
2019-09-03,-16.786783901156042,-2.451160596530383,-12.211720779220784,-2.6056951192979914,-3.0787967670161667,-37.344003466204505,-36.92963953920475,-16.255437380483023,-34.214288449266114,-14.954053794428436,-6.67806966062769,-10.528441287263735,2.3647709964952677
2019-09-04,-15.397930667974816,0.13737132917220807,-10.139974673285373,-0.9148255754920769,-2.7892533095544203,-37.18318734793187,-34.30805959031658,-15.716304266415188,-31.124177215189878,-13.242713178294585,-10.999765188222135,-10.635699940840954,3.6668704305503534
2019-09-05,-14.30733663002166,-1.2466530528895245,-7.85146655757823,1.0337621584066756,-4.395658037908671,-35.31328626897282,-28.841765367316345,-14.155016646223938,-28.021025641025645,-13.002009569377986,-6.1966700779951065,-0.4531690899299894,4.855831979977088
2019-09-06,-11.88411496845887,0.6215797788309576,-6.852216484197478,1.1577101762686777,-1.9980256280116335,-33.18826386371874,-28.87999615384615,-12.568000364834397,-27.789299279633262,-11.700388349514569,-5.183303217740637,0.7747480164842888,6.393857728507769
2019-09-09,-8.630512602541767,1.8035427722351933,-4.2770262420910665,0.9396767791737863,0.17635682900043337,-30.492188175919242,-24.122306209024295,-10.764207214518532,-17.420423905489926,-10.14694390715668,-7.453011164338568,1.1853586568951062,6.551259083759286
2019-09-10,-8.179789251844042,1.4945195803469455,-5.582627797166911,-0.5022218206786875,1.52551813521407,-30.251800504141162,-24.30653673163419,-11.087720426445085,-28.80179658896898,-11.890086455331414,-10.022241639675226,-0.6421916652606774,3.190215930343655
2019-09-11,-8.107117611084167,3.9963420803035112,-4.530259740259742,1.3644179267626146,0.042429857560308815,-29.82394959949149,-16.785986105750677,-8.42387791107974,-22.834974169872158,-11.551041465766628,-5.617073642455685,0.19787777620666347,3.829275359466655
2019-09-12,-8.105441928569917,4.724515314177455,-5.5924780497882445,4.145413003178941,0.2833982243188893,-29.068941102860386,-12.785087370929304,-6.812184051263794,-22.36781230956733,-11.724894026974958,-2.8616684108785813,2.743072817542874,7.180235250802306
2019-09-13,-7.293472767809743,6.423563852354685,-5.030176678445226,3.6082472258680314,1.0242553191489363,-25.889433962264153,-9.670408777221187,-7.37822775605203,-17.31506493506494,-10.987350096711804,-2.2329651957590912,3.904140143948486,7.029612629916143
2019-09-16,-4.23031934984191,5.852032416293452,-6.5572151898734115,4.043396028081255,0.03769201390061028,-15.846717968449404,-11.448924186574935,-8.391317079007838,-18.2660759493671,-11.203529411764691,-2.037004711133152,3.54921430047341,6.2494836653386505
2019-09-17,-5.797716151465039,6.518305084745752,-6.4671650505682425,4.223808938488859,-0.8224944412245967,-19.454131818843386,-14.400766293100393,-8.911688495276199,-19.62137931034482,-12.977302504816969,-0.1797745490982008,3.1925887367605705,5.690480800845127
2019-09-18,-4.632776233869754,7.3792803275156285,-3.449653684324081,8.424451086618093,0.7452789255184502,-17.938097363083155,-14.05519512244518,-5.651278173181165,-17.78119565217392,-10.594126984126985,4.899600898638827,6.5072524779864125,9.938343126037182
2019-09-19,-6.061572688914461,7.424589004393951,-6.0491345949393995,6.913248241729615,-0.6993579278145197,-20.094958710184812,-14.635085965613765,-6.81813519391083,-29.163441429516872,-13.492812500000005,3.7912721396253493,8.195678314870559,10.7402995325832
2019-09-20,-6.436437571592214,8.474540075309303,-7.201578947368425,4.627951596995677,-0.585162094442141,-22.49504493942947,-15.604702119152346,-6.470601496274859,-30.590451527224435,-13.856486486486482,1.367868155591037,3.2750280558495195,8.279107538067937
2019-09-23,-6.66750459646231,8.974022951174618,-7.571136674020378,3.84403209327484,1.0440388229957223,-22.713207896569088,-17.08178943154524,-6.205945798472172,-28.05659488559893,-14.273076923076925,3.299724083563278,2.3192886279786147,5.569030911604868
2019-09-24,-7.220080302415484,8.847739463601531,-7.628308378464483,3.6356550193532646,0.33175662143436346,-24.937299444003184,-18.176730612244903,-7.331555545288874,-28.93355723098012,-13.807444120505343,3.4316910919847716,2.517606302758117,4.9294600539843865
2019-09-25,-7.067350336143429,9.01788894997251,-6.5677459103462965,6.8547731565354795,-0.13046169448731115,-24.828034290271134,-12.719324718632759,-4.12639113999223,-22.045469845722305,-12.845836575875488,9.025406813269221,7.114272126192702,8.070394466721654
2019-09-26,-9.335650154145021,5.460108636610545,-6.30480441004982,5.6047546640867205,-3.3124674789011848,-27.037147323173116,-17.497639450282946,-10.424947839046192,-26.50107382550335,-13.082187499999996,15.935804564072544,5.6417003380513755,7.620591647587194
2019-09-27,-7.833110920403354,5.344546454095661,-3.361606672519752,4.838741620379233,-3.96390727378286,-26.622643492320123,-17.30524339933993,-7.757388323990382,-22.821228070175437,-11.256780341023074,23.301709499514608,4.068190172103835,5.549688382230563
2019-09-30,-5.509156866653374,5.602106660765669,-1.5863405958203525,7.867184744560246,-1.700677881207823,-22.141352615908122,-15.960275387263332,-3.2540319309988823,-18.013430656934297,-9.325076142131975,20.8934681259024,4.537646787427901,7.863863528292912
2019-10-01,-7.861452390429444,3.1321530679568923,-4.713524635746859,6.89645918399152,-4.574447833160201,-21.4118815460114,-15.989695784441551,-3.765989053948397,-14.772487160674988,-11.76083418107833,26.058607554985887,4.019533820921601,6.278904603594817
2019-10-02,-9.320715499508095,2.8116080513160813,-7.5070938830383245,5.071249960909402,-7.408324826106403,-23.285637233579806,-16.732417490572836,-5.6330720765760525,-19.816229260935145,-14.283190184049081,26.52473767885532,1.425538068156769,4.409541638251685
2019-10-03,-7.56018449769377,3.650480523804234,-6.092097736741367,7.052837098093487,-5.42010712768966,-21.31174706649284,-17.502547425759012,-4.664361794498106,-18.351128404669264,-12.618661174047373,20.417807403818784,4.072520774859081,6.75635410474861
2019-10-04,-5.843285821626177,4.687739596117378,-6.206840094392616,8.248614483734544,-3.65605220989909,-18.658376184032484,-12.367002310961958,-0.7066172560190112,-14.123611793611804,-12.596940451745379,20.627180427159715,5.814375117749,7.524443413955851
2019-10-07,-5.1326776209210845,3.7293137908061205,-3.682434944237915,9.540934371523932,-2.818222231325818,-16.062329085846446,-11.4552662031493,1.1999999999999997,-9.914213197969547,-11.123529411764704,26.086260531432288,7.127978750631622,8.566748868046556
2019-10-08,-8.153747631332614,1.107857607987845,-6.861645409628863,9.473649604930078,-5.98997247504048,-17.809259259259264,-16.339981403998152,-4.569981966050252,-14.200958466453677,-13.434235171696155,31.82861748138284,12.455411158615156,10.909281148507375
2019-10-09,-8.65644632184425,-1.1962003820844762,-10.56282826063071,7.511645847202115,-5.846465382443341,-19.103274899966983,-18.197666326983384,-4.991930102016747,-26.378254326561322,-16.009677419354833,24.006814919762,11.874067708086034,9.944235555562337
2019-10-10,-6.420386144236226,0.9093517534537843,-9.085832505792773,6.71007385433082,-4.900940032283213,-15.32501590254762,-14.840944663502825,-3.0511385649337814,-24.83628724216959,-14.160940695296524,22.19259880970547,13.670712517510704,8.2459777390769
2019-10-11,-6.703356034386513,0.5108928758787079,-5.804425607851881,7.166694688574696,-6.033727212462716,-14.344956476332083,-12.896592489568853,2.20235241897471,-16.43594246782741,-12.228717948717955,18.084158776402028,14.10451110528202,6.998667657643564
2019-10-14,-7.1556154239587215,-0.6422042341220411,-6.168318171732857,5.040805059646546,-6.592860445434784,-15.498604404466223,-12.817690737514413,-0.4794099134539862,-20.050324005891017,-11.861147540983602,23.42281725312516,11.943952728751368,3.972442444555981
2019-10-15,-7.109345508544066,-0.6548363033568163,-4.829991220368744,5.161357311513393,-7.13001795003666,-16.302495404411772,-12.063915662650597,1.4309894713582532,-19.413913043478267,-9.877474541751527,18.903369503945882,12.813036615764137,4.524706330405441
2019-10-16,-8.626198118428334,-1.0691446345256619,-4.92240819439903,4.401975754066358,-7.221235536869456,-19.339569746376803,-13.802833410244585,-2.6452067868107036,-27.309349535382413,-10.788548387096771,17.42533670302481,13.068486070741507,4.070687072338194
2019-10-17,-7.196063872793417,-0.7747107438016481,-4.207418145739167,4.8004275495422934,-6.216960578634492,-14.339976269577592,-6.299593764761465,-0.9774066343163186,-24.88090909090909,-9.70269035532995,22.99875262379929,14.1549464481965,4.046213163122168
2019-10-18,-8.82574343958652,-1.4663243850158247,-4.855915263443781,3.6438309032253167,-7.242973944157674,-17.052280701754388,-3.3326514308555684,-3.0222382217537125,-27.01736510161177,-9.794075546719695,17.980601652082587,12.254230450769798,1.7067327166933883
2019-10-21,-6.393765084473051,-1.3526985587243163,-5.37297741723306,5.6549989857783665,-5.626530973868567,-10.428756233805254,-7.948439944776801,-1.9759187654561239,-24.93664731494919,-11.669038076152315,15.800865438302617,12.665491230829087,2.3649083695335986
2019-10-22,-6.044466836452218,-0.7916782360147006,-5.111277819997832,3.970996039841592,-5.137406730022297,-11.60193488493105,-6.429422632794449,2.5293576354679863,-21.80750716332378,-11.93124378109453,11.395976536461784,11.577435240274605,0.46959641778260863
2019-10-23,-6.607695282627221,-1.2052728369008203,-5.209415744817955,2.3146223611735772,-6.196679411046945,-11.215904997565488,-7.760061863794955,-1.5048498543300932,-25.558203017832646,-10.9818811881188,11.152054077555093,11.92297027908663,-0.6310824663781378
2019-10-24,-6.761555896200586,-3.0118866428854543,-8.884867161449932,3.4430531756345095,-6.450935017665685,-10.841595997780654,-9.540714285714287,-4.968711520737321,-27.838635464733024,-16.47262948207171,30.219952134212622,12.263146981518297,1.002139389311823
2019-10-25,-8.061204525003214,-2.8587816270922595,-7.369503105590055,3.2393668888744216,-6.604001484663672,-12.579506577338577,-8.70928031985785,-2.0714179523988476,-21.60890034364261,-15.237410358565722,47.31807643675613,11.740057293013578,0.6701307650996182
2019-10-28,-9.386658520517672,-2.459825553065009,-7.636877614501767,5.082881294310118,-7.2328888177379405,-13.190845008756568,-6.8487610619469095,-0.6054078334335959,-18.157252897068844,-15.883813813813822,45.64026891485016,12.915555853190856,3.2012279676481836
2019-10-29,-8.137356127067191,-3.660418232629855,-4.9968012054676505,3.9280009874176853,-7.507913524044077,-11.542465570857397,-4.870274653027662,-0.42387985322366917,-17.512525951557087,-15.24582914572863,39.316888781007194,11.106675036096613,1.5852656674790682
2019-10-30,-9.354367159788909,-3.3758618688334243,-6.416429718445565,6.580019970118789,-7.958060545843264,-15.66999555555556,-7.657574527165165,-1.9410628132056944,-21.62793703951775,-15.281382113821147,41.27274337134274,14.033461755355788,6.308931714400986
2019-10-31,-11.216857666254835,-4.5959357368270055,-8.406306306306295,5.245624817091022,-8.385807310578555,-19.12586564543683,-12.526532116610602,-4.40406571669205,-26.624590163934432,-15.419878910191729,41.522020796278554,14.598460207502876,4.948460011492715
2019-11-01,-8.181512249586671,-2.1187880241819275,-7.324015879648981,6.261816722603243,-7.694745304160952,-13.704606247250332,-7.53746240585658,-0.6606468755726604,-14.664454003970873,-14.933137254901949,38.50863354873454,16.286225469581602,5.043810978776492
2019-11-04,-6.357711763707344,-2.983815050899061,-6.801788871554868,6.7094153989625305,-4.386333939146042,-9.423887423043087,-4.215839384878257,-0.6099418704153181,-15.20867406923579,-14.103460410557188,39.99017457420066,17.390621255400674,5.825341480013496
2019-11-05,-6.096490439648958,-4.709709827799442,-6.912990119604792,6.472045229352453,-4.482968674238016,-10.438875456258152,-3.5997905759162387,-2.519254548563117,-16.258360655737707,-13.293004926108383,37.47992077211073,15.516583044338677,4.311119142820159
2019-11-06,-6.6264205893774,-5.337137284749305,-7.215002600104009,6.46674535175147,-4.614815748800135,-11.200772626931556,-8.15857965702059,-2.15,-14.684059945504087,-14.007707509881417,43.28753507014029,14.09746186726659,3.326640716405905
2019-11-07,-5.128460111317264,-4.671654457235277,-7.141799271970886,7.183125254997961,-3.343623043106978,-10.391177758318738,-2.776748871508856,-1.7440133914991132,-9.219629883481833,-15.003137254901949,40.68376117496807,14.537876508102421,2.7868846600596955
2019-11-08,-6.616209407934193,-4.520405289696503,-6.267363494539788,5.404968321728646,-4.292676848691297,-9.77878386457734,-4.774025187809143,-1.7280021777616676,-10.179999999999998,-13.552549019607845,42.453204633204635,13.70737849883361,4.313513154728076
2019-11-11,-7.270988658249526,-5.425678812672434,-6.214160166406665,6.23197800304396,-4.467281589923655,-10.812150537634409,-2.5687444107060196,-0.5418056522787402,-0.6647461368653358,-13.190392156862739,47.60766736129201,14.168379247039379,4.470777987985932
2019-11-12,-7.908097070771857,-5.368595756826176,-6.578174726989082,6.204084305446213,-4.147575223957444,-12.986406448875695,-2.3900135094515607,-0.779334189288341,-2.21,-13.058126232741632,49.89380448804241,13.256338638437136,5.56517181279346
2019-11-13,-9.629019946864583,-5.4608172390828695,-9.440691627665112,5.671740704716337,-4.669135004478079,-14.777114406779672,-8.297730820533793,-1.2269798440826967,-2.521195248700822,-15.008555885262108,42.71438347564038,11.661735894070425,4.712525635290866
2019-11-14,-10.039937701260708,-5.364220340595564,-10.034716588663546,5.196313823163146,-4.886484094714191,-16.87890985324949,-8.831111111111117,-1.3991053337931776,-8.50143582306018,-15.858959764474978,44.29660003318105,12.497070548536904,4.85977197889186
2019-11-15,-9.745368953008027,-4.1757950866501545,-11.103870442045226,5.26528795664505,-6.338771132589983,-15.868421052631577,-9.666376106194699,-2.4987620227936196,-9.66183745583039,-16.780648236415644,41.595939209728726,14.492717557738095,5.8697678028697435
2019-11-18,-10.131673333756646,-3.7004761904761923,-11.42987355970224,5.205280762043406,-7.813148220624015,-16.176492500703006,-12.511381096245145,-1.6935614702154507,-11.213353867214238,-16.217485604606534,35.95311242603551,12.699545519048126,6.12614290436904
2019-11-19,-10.44421492026115,-2.540275650842274,-12.490664637239973,6.463356406272073,-8.760792615248597,-15.124471723097551,-13.89245283018868,-3.467894143846398,-17.301586252478526,-17.418744053282584,40.35186113106949,11.932840131887867,7.60965626335487
2019-11-20,-8.408889538534833,-3.191532567049814,-13.767107938790186,6.004782701094463,-7.567688943754546,-7.829210021156564,-14.098634989200866,-3.1868976033473944,-16.547831325301207,-17.578867376573086,36.11136078236362,11.579463712313625,7.706720193829296
2019-11-21,-6.7896426637791,-4.39975817923186,-14.233023807069976,4.7010792539809705,-6.750137151106836,-4.546904981549807,-15.935672789406244,-2.8328140578316763,-14.271580381471383,-17.11721247563352,37.94030724738925,11.5131473127931,7.563375012071184
2019-11-22,-7.593155750953647,-4.494226804123712,-12.593458251827444,5.154555167686587,-7.146362722917765,-5.514252873563226,-13.054192512583619,-4.6121301814870534,-12.703477106834766,-14.863137254901948,26.975276551243333,12.60170932445431,7.473486659840695
2019-11-25,-7.878178814341189,-4.47265914810327,-11.138419911184553,5.3515835916338474,-7.570285779750783,-12.1495197978096,-13.093085291557884,-2.662004620579356,-12.37810143042914,-12.219640718562871,29.50724336877177,12.776317098245269,7.206553237924388
2019-11-26,-9.06014379868184,-3.9837040483946016,-12.831084142394818,4.851750012149472,-8.40213241138133,-14.645838926174504,-13.741136744177043,-3.0274301517345252,-14.439974391805373,-13.426096361848575,24.405021593092552,12.579413465256565,7.126390006638902
2019-11-27,-9.174741586922702,-4.2319870009285125,-12.873293172690765,4.518921011874037,-8.743536378271411,-12.054207229751693,-14.613663521377909,-2.3681336048733255,-14.052526847757424,-13.957066795740566,23.021728234073368,13.346242173934872,6.193324273427206
2019-11-29,-9.046221618474672,-1.8884243637403424,-10.389011513328496,4.997713389672928,-8.825900026249304,-11.663785943315515,-13.000919037199125,-1.775302496169001,-16.196125654450263,-7.290125523012552,42.13193811310335,13.206936636874838,5.92202642154183
2019-12-02,-8.574604082694051,-0.252022320569554,-10.895912151662701,2.8968510532598346,-7.673273475644405,-9.635362242494034,-14.185486904690324,-1.2253009259259144,-12.086583278472677,-7.931619644723098,44.76704335101203,1.0797667964907607,3.72869338640705
2019-12-03,-9.703936336754222,-1.715627813427828,-11.875140961857388,2.069226000635107,-8.783357319970436,-8.336902614968437,-16.473113563879163,-2.8774663556432807,-16.018919449901762,-9.465833333333324,40.52660262119862,2.437788310441442,3.8010905897404164
2019-12-04,-9.23862350790407,-1.2830775126952267,-10.664465533423709,3.2002536010232943,-7.9914188821431145,-9.496904850995476,-16.276114833501953,-2.7866631111111104,-17.12593252705284,-8.322722513089019,35.42800673928822,5.746865174592298,4.728792015584238
2019-12-05,-9.203707916189169,4.16477748042423,-11.320718237811882,5.186161498571283,-7.547269064192441,-8.909565217391297,-13.6896176078257,1.8401047465960825,-13.350711909514303,-8.335907660020982,34.69690962600137,7.120176874773974,7.984208262296664
2019-12-06,-5.132250348505295,5.881802853437087,-9.234062202475407,6.980625771396953,-4.29105354084899,1.0632594644505917,-5.4524097515236605,6.545197727568828,-6.024490358126722,-5.144930182599365,41.60481719050674,8.855762731491053,7.88598015233927
2019-12-09,-4.043101940114397,8.573477820538798,-8.95912303107705,8.319304652723181,-4.861050206881874,5.4561904761904785,-4.241144481948067,7.8335286284953405,4.159351921627733,-4.9294827586206855,42.867758280964416,10.506905375641242,8.542459922386863
2019-12-10,-0.8766382359059675,10.24739742804654,-7.482266435986167,13.02241140725588,-2.715848925650139,10.210744077338452,0.48138957816377204,11.773402955665018,7.889240506329115,-3.7334777898158196,50.78557403612418,14.691545461476931,12.310564252522875
2019-12-11,-0.9784283566554921,11.601615245009073,-8.166477126977345,11.991495111282175,-4.648627977181141,15.182971569274615,1.8110208054811818,11.196075185040897,8.570747812251392,-5.912953586497901,50.83939876163376,12.953883670859707,10.618996026000508
2019-12-12,1.823486529318541,10.599365079365088,-6.557315208156332,12.525405604177394,-2.2234928672291048,21.684117048346064,6.600183861082755,11.405367804878042,13.899478827361573,-4.183567681007336,52.11133651982129,13.035451323853659,11.29617248134367
2019-12-13,-2.011710797526555,9.080635986569215,-8.900415224913504,10.571628033932637,-6.256559175284611,18.39129954841946,0.8530018472663117,6.262290904438991,5.718350353495682,-5.4318828451882855,48.41446600095541,9.891679552733093,9.28070999539716
2019-12-16,0.7191448756766694,10.852782634911062,-6.503042139900209,12.999776552566885,-4.459589160261226,22.7838524590164,7.2539567524183655,8.674549341273998,7.417593360995842,-2.5949206349206215,60.373512666131504,12.615636323336744,10.980230262278603
2019-12-17,2.168173504293396,13.146951871657766,-4.286336290846144,14.26408014437774,-4.386988833558486,25.24247810407006,9.865048596112313,13.862521964697699,13.450958904109594,-0.8835737351991235,63.530600093677116,13.397827889436527,11.958558048677425
2019-12-18,1.4213198203385944,13.400180346346954,-2.4563314630988433,11.392119560919856,-5.0975079919724475,24.015364476386036,7.668466267479524,11.733448821744016,10.426457473162678,1.0637580993520452,65.3378623979178,11.015349135539164,9.418057949001806
2019-12-19,5.834582362409021,15.092404878557273,0.9910936270653066,15.89874837704493,-1.5887625219765986,31.631554828150584,20.765708571428576,14.660731425830834,13.650934256055352,2.635555555555557,82.05232683663435,14.54926796588479,14.298847327029362
2019-12-20,7.393015551048008,15.318973902106706,3.222115802723427,16.839025227823452,0.4643335357246827,32.321780821917805,23.602813238770675,17.3712496172972,7.387561869844178,5.127742663656896,86.21662353923213,13.750343635871076,15.881355657237346
2019-12-23,7.298224709448011,15.757783087471422,1.0136018957345923,15.04119697655076,2.072947999360125,30.072478436540635,20.772739726027403,14.59740428332257,2.8685815602836984,3.5271428571428416,88.77652472022996,12.711439970423923,13.802115050609139
2019-12-24,4.887224597556136,16.14721474425348,-0.1218743010512151,13.22482488595136,0.6828983476753674,26.708385928608394,16.476302797586385,11.624343818873973,-6.244328238133541,2.9726467331118642,85.57520169289776,10.208139478357218,11.805657432102977
2019-12-26,5.936938828469657,17.346298788694487,0.675980115241217,14.690833586110271,1.9491355510841841,26.851323649072587,15.249110712676712,13.947440665866633,-9.04865962632007,3.5687499999999823,88.89961902947888,13.12591236969811,13.698137680246884
2019-12-27,4.598050950641565,17.054455958549216,-0.29065573770492525,13.32750383668225,0.12294033049559805,29.252795698924714,14.908122189394795,13.296674430304419,-9.93990916597852,1.6098230088495609,92.96199157723134,11.554991395592868,12.602758136244065
2019-12-30,4.714980000941133,18.34114226375908,-1.2091314580298087,12.915938423662958,-0.15927380788395706,29.587932512051413,16.26715336438523,12.65271612507664,-6.70576271186441,0.36300884955753165,84.7156718433491,10.365032368666082,12.417991830294621
2019-12-31,9.21736534528099,19.09623053610618,2.5023573660455947,17.317877670952047,2.6975412397985705,36.162552939760374,21.124919908466826,17.942199789729496,0.12724508050089844,4.113329532497163,95.95552502094431,14.202337050305964,16.294753116611094
2020-01-02,9.62946016047318,17.782042854171003,3.5993922651933685,17.688162341691292,2.956193276588796,39.068571428571424,22.79247524752475,14.32691281489819,-4.7452650494159965,4.842721088435369,98.1609348865334,15.020211995996199,16.622501703562232
2020-01-03,9.966039613620842,14.68206669411281,1.8815820652805115,16.593461977019572,2.5320710615199746,41.09871421367503,26.571655708308423,14.751692411677928,1.9284719535783403,3.196986301369875,104.99665919282512,14.57082225341903,14.915745658768758
2020-01-06,9.266954126674847,13.891987375279987,-1.0618196310635377,16.814148325568492,1.276907417154719,39.105549999999994,21.506790123456778,12.06691572974452,-1.1088785046728984,-0.1722222222222205,107.49384921740689,17.109459600339196,15.363367767975326
2020-01-07,7.451527007160803,14.103273688491264,-3.084831460674163,14.669408931353058,-0.6395838671609313,31.185448832409687,17.825287627825155,8.293802289616837,-1.4987364620938564,-0.5245614035087631,109.61464725171062,14.857641637837396,12.139203377107002
2020-01-08,5.458372621952673,12.85012206286237,-4.2628491620111655,15.859438363538498,-1.9669928642797072,25.703922505307855,12.160423870607922,7.645753368721933,-1.6789972899729055,-1.077589967284623,116.18749350344638,16.248811854201033,14.175050659182865
2020-01-09,6.881707642462366,11.472529190780799,-2.9303218546027407,18.726593973757854,-0.8735124864585688,27.004568230277165,10.552889693759818,8.2329796092879,-0.34823970037453233,-0.18175824175823996,111.97937438515237,19.580217445209822,17.208782961198796
2020-01-10,4.712387218045108,9.856427145708585,-6.212890401932797,16.485334915234844,-2.620829850746263,26.428208955223862,4.470437286628168,5.108541724919717,-6.725737122557718,-1.386521739130427,114.74120038064166,19.088960750610937,15.297341523383654
2020-01-13,3.461986264819844,13.183579000504796,-7.123119117169762,15.57680579174626,-2.76304573982528,23.07,-1.980968396994465,4.068016127031426,-9.516206896551715,-3.0006638115631654,126.68746947942918,16.87913008304577,14.656930026699108
2020-01-14,2.9318142369125617,14.726216768916158,-6.677271056330405,15.063935630379314,-3.5773642540611457,23.48597695128339,4.673406248382708,5.735502392344504,-6.134223002633893,-2.455331905781592,134.58032614861128,16.832128961919075,14.636432786925978
2020-01-15,0.33258911777369793,14.364754048273765,-9.255376810062359,15.995410627678273,-4.650548645033492,16.225357486448246,-2.511128107937345,2.374358774155774,-16.065543744889617,-5.5887631027253635,121.77385168269006,17.574188532240868,16.739095588740675
2020-01-16,-0.8450753948722558,12.320000000000004,-8.442343584305403,18.247783090817517,-5.980577826353347,16.961681534114764,-16.552337974075815,-0.5419646849332203,-17.690998389694034,-4.563927813163482,116.09542544779171,18.463134666221134,20.201989680893732
2020-01-17,-1.541991589872059,11.056721149083698,-8.321953498248222,17.885165160103107,-6.619865639016051,17.581247855423833,-22.163458070333604,-0.8873244073347568,-22.554920634920634,-4.680084925690019,104.67652178463217,19.406540094028543,20.83933892004626
2020-01-21,-2.7946370287000577,8.38874213836477,-8.53753468516543,17.202282124037293,-8.589295119079159,18.444430379746834,-26.023467380916102,-4.387180154166148,-26.129345011424228,-4.035398512221033,120.6466401463505,18.35736657022915,19.16329490769939
2020-01-22,-4.470188696098795,7.516537336712817,-8.83790327746344,18.436585002040438,-8.998187654320986,16.136240749876663,-29.442932613496396,-4.961039292576086,-25.81312977099236,-4.98878306878306,130.36387366573715,17.957214174752103,18.747046718108592
2020-01-23,-7.947189493027783,7.636206896551728,-6.089145750770592,19.31781430788767,-10.828508486661894,2.896598488216984,-29.742545558180215,-4.602370203160265,-29.038036117381484,-3.670430107526883,133.70753145731487,18.7882412204701,20.341497509110276
2020-01-24,-7.620193616367398,6.036381322957206,-8.700733775410363,18.352459327586935,-11.668299376207116,7.893076089249843,-31.546008642941047,-7.148715388962145,-29.419135802469135,-4.967241379310338,128.78657059002174,17.377182199080664,18.17518684129255
2020-01-27,-9.795107133409747,4.706925191439225,-10.156073298429321,15.473209088929021,-13.01484860686101,2.1265259027643264,-33.28978772496539,-8.924556759587013,-28.89795180722891,-5.801891891891885,127.26570913173362,14.43926877174427,15.242753619614394
2020-01-28,-9.037757197548078,4.845650136665371,-8.535325091069666,17.437630933183765,-12.03070887463339,3.6549330783938654,-34.843512627460676,-8.054643282157752,-18.888191681735993,-3.318571428571418,127.99642762248006,15.373922673363058,15.39928814755077
2020-01-29,-10.080060807075732,3.9729583616422364,-8.87143789403827,19.06608633379185,-13.091040057915055,3.951907738654234,-35.04972658157942,-10.535902863282075,-15.653533765032378,-5.250588876772088,139.58542277910587,16.72456289689862,18.640607135533433